label,name,notice,furigana
プラスチックごみ (戸別),アイスクリームのスプーン(プラスチック製),　,あ
燃やすごみ (戸別),アイスクリームの棒・スプーン(木製),　,あ
缶・金属類・古紙類・古布・衣類 (資源ステーション),アイスクリームの容器・ふた(紙製),ゆすいで出してください,あ
容器包装プラスチック (戸別),アイスクリームの容器・ふた・外袋(プラスチック製),ゆすいで出してください,あ
プラスチックごみ (戸別),アイスクリームメーカー(手動式),　,あ
缶・金属類・古紙類・古布・衣類 (資源ステーション),アイスピック,丈夫な紙等に包んで「キケン」と表示して出してください,あ
びん類・ペットボトル・白色トレイ・廃食油 (資源ステーション),空きびん（飲料・食品・化粧品用）,ゆすいで、無色透明・茶色・その他に分別して出してください,あ
缶・金属類・古紙類・古布・衣類 (資源ステーション),アクセサリー(金属製),　,あ
埋立ごみ・小型電気製品・蛍光管・電球・水銀式体温計・温度計 (資源ステーション),アクセサリー(陶磁器製・ガラス製),　,あ
プラスチックごみ (戸別),アクセサリー(プラスチック製),　,あ
燃やすごみ (戸別),アクセサリー(木製),　,あ
缶・金属類・古紙類・古布・衣類 (資源ステーション),アタッシュケース(アルミニウム),一番長い部分で、一辺の長さが50cm以上の場合は、「有料ごみ」です,あ
燃やすごみ (戸別),アタッシュケース(革),一番長い部分で、一辺の長さが50cm以上の場合は、「有料ごみ」です,あ
埋立ごみ・小型電気製品・蛍光管・電球・水銀式体温計・温度計 (資源ステーション),アダプター(電源用),　,あ
缶・金属類・古紙類・古布・衣類 (資源ステーション),圧力鍋,　,あ
びん類・ペットボトル・白色トレイ・廃食油 (資源ステーション),油(食用),ペットボトルなどのふた付きの容器に入れて出してください,あ
缶・金属類・古紙類・古布・衣類 (資源ステーション),油(食用)の容器(金属製),ゆすいで出してください,あ
容器包装プラスチック (戸別),油(食用)の容器・ふた(プラスチック製),ゆすいで出してください,あ
プラスチックごみ (戸別),雨合羽(レインコート)(ビニール・ゴム製),　,あ
燃やすごみ (戸別),あめ１個ごとの包み紙(紙製),　,あ
容器包装プラスチック (戸別),あめ１個ごとの包み紙(プラスチック製),　,あ
容器包装プラスチック (戸別),あめの外装(プラスチック製),　,あ
燃やすごみ (戸別),アルバム,　,あ
缶・金属類・古紙類・古布・衣類 (資源ステーション),アルミ缶,中身は使い切って、ゆすげるものはゆすいで出してください,あ
容器包装プラスチック (戸別),アルミコーティング袋（菓子・レトルト食品等）,ゆすいで出してください,あ
缶・金属類・古紙類・古布・衣類 (資源ステーション),アルミ製のカップ,ゆすいで出してください,あ
缶・金属類・古紙類・古布・衣類 (資源ステーション),アルミホイル(アルミ箔),　,あ
缶・金属類・古紙類・古布・衣類 (資源ステーション),アルミホイルの芯(紙製),　,あ
缶・金属類・古紙類・古布・衣類 (資源ステーション),アルミホイルの外箱,刃は、はがして「その他金属類」で出してください,あ
埋立ごみ・小型電気製品・蛍光管・電球・水銀式体温計・温度計 (資源ステーション),板ガラス,50cm以上は「有料ごみ」です,い
容器包装プラスチック (戸別),いちごのパック・上のラップフィルム,　,い
プラスチックごみ (戸別),一升びんのふた,　,い
缶・金属類・古紙類・古布・衣類 (資源ステーション),一斗缶(食品・飲料・ペンキ等),ゆすいで出してください,い
缶・金属類・古紙類・古布・衣類 (資源ステーション),衣服・衣類,袋に入れて出してください,い
埋立ごみ・小型電気製品・蛍光管・電球・水銀式体温計・温度計 (資源ステーション),イヤホン・ヘッドホン,　,い
燃やすごみ (戸別),色鉛筆・鉛筆,　,い
プラスチックごみ (戸別),印鑑(プラスチック製),　,い
燃やすごみ (戸別),印鑑(木製),　,い
プラスチックごみ (戸別),インクカートリッジ(プリンター用),なるべく販売店回収を利用してください,い
缶・金属類・古紙類・古布・衣類 (資源ステーション),インク台(金属製),　,い
プラスチックごみ (戸別),インク台(プラスチック製),　,い
燃やすごみ (戸別),植木(竹・笹・シュロ・キョウチクトウ),太さ10cm以上、長さ50cm以上のものは収集できません,う
草木類 (資源ステーション),植木(竹・笹・シュロ・キョウチクトウ以外)葉や小枝等はビニール袋に入れて出してください,太さ10cm以上、長さ50cm以上のものは収集できません,う
缶・金属類・古紙類・古布・衣類 (資源ステーション),植木支柱(金属製),　,う
プラスチックごみ (戸別),植木支柱(プラスチック製),　,う
埋立ごみ・小型電気製品・蛍光管・電球・水銀式体温計・温度計 (資源ステーション),植木鉢(陶磁器・素焼き製),50cm以上は「有料ごみ」です,う
プラスチックごみ (戸別),植木鉢(プラスチック製),50cm以上は「有料ごみ」です,う
燃やすごみ (戸別),植木鉢(木製),50cm以上は「有料ごみ」です,う
プラスチックごみ (戸別),ウエットスーツ,　,う
燃やすごみ (戸別),ウエットティッシュ,　,う
埋立ごみ・小型電気製品・蛍光管・電球・水銀式体温計・温度計 (資源ステーション),ウォークマン,　,う
容器包装プラスチック (戸別),ウォッシャ―液の容器,ゆすいで出してください,う
容器包装プラスチック (戸別),うがい薬の容器,ゆすいで出してください,う
プラスチックごみ (戸別),浮き輪(ゴム・ビニール製),　,う
プラスチックごみ (戸別),うちわ(プラスチック製),　,う
燃やすごみ (戸別),うちわ(木製),　,う
埋立ごみ・小型電気製品・蛍光管・電球・水銀式体温計・温度計 (資源ステーション),腕時計,　,う
燃やすごみ (戸別),衛生用品(紙製品・生理用品),　,え
埋立ごみ・小型電気製品・蛍光管・電球・水銀式体温計・温度計 (資源ステーション),ＳＤカード,　,え
草木類 (資源ステーション),枝・葉・草　葉や小枝等はビニール袋に入れて出してください,太さ10cm以上、長さ50cm以上のものは収集できません,え
草木類 (資源ステーション),枝木(竹・笹・シュロ・キョウチクトウ以外),太さ10cm以上、長さ50cm以上のものは収集できません・葉や小枝等はビニール袋に入れて出してください,え
缶・金属類・古紙類・古布・衣類 (資源ステーション),絵具のチューブ(金属製),中身は使い切って出してください,え
プラスチックごみ (戸別),絵具のチューブ(プラスチック製),中身は使い切って出してください,え
プラスチックごみ (戸別),絵具のチューブのケース・中敷き(プラスチック製),　,え
プラスチックごみ (戸別),絵具のパレット(プラスチック製),　,え
プラスチックごみ (戸別),絵具の筆(プラスチック製),　,え
燃やすごみ (戸別),絵具の筆(木製),　,え
缶・金属類・古紙類・古布・衣類 (資源ステーション),エプロン(布製),袋に入れて出してください,え
プラスチックごみ (戸別),エプロン(ビニール製),　,え
プラスチックごみ (戸別),ＭＤ(ケースも含む),　,え
埋立ごみ・小型電気製品・蛍光管・電球・水銀式体温計・温度計 (資源ステーション),ＭＤプレイヤー(ポータブル),　,え
プラスチックごみ (戸別),ＬＤ・ＣＤ・ＤＶＤ・ＢＤ(ケース含む),　,え
缶・金属類・古紙類・古布・衣類 (資源ステーション),園芸用支柱(金属製),　,え
プラスチックごみ (戸別),園芸用支柱(プラスチック製),　,え
缶・金属類・古紙類・古布・衣類 (資源ステーション),エンジンオイルの缶,中身は使い切って出してください,え
埋立ごみ・小型電気製品・蛍光管・電球・水銀式体温計・温度計 (資源ステーション),延長コード,　,え
燃やすごみ (戸別),鉛筆・色鉛筆,　,え
プラスチックごみ (戸別),鉛筆削り(手動),　,え
プラスチックごみ (戸別),オアシス,　,お
缶・金属類・古紙類・古布・衣類 (資源ステーション),オーバー・コート,袋に入れて出してください,お
缶・金属類・古紙類・古布・衣類 (資源ステーション),お菓子の空き箱(紙製),　,お
缶・金属類・古紙類・古布・衣類 (資源ステーション),お菓子の缶(金属製),　,お
容器包装プラスチック (戸別),お菓子の袋・箱・缶の中仕切り(プラスチック製),　,お
埋立ごみ・小型電気製品・蛍光管・電球・水銀式体温計・温度計 (資源ステーション),置時計,50cm以上は「有料ごみ」です,お
燃やすごみ (戸別),おしぼり(使い捨て),　,お
プラスチックごみ (戸別),おしゃぶり,　,お
草木類 (資源ステーション),落ち葉,ビニール袋に入れて出してください(ビニール袋以外では出さないでください),お
缶・金属類・古紙類・古布・衣類 (資源ステーション),斧,丈夫な紙等に包んで「キケン」と表示して出してください,お
プラスチックごみ (戸別),お盆(トレイ)(プラスチック製),50cm以上は「有料ごみ」です,お
燃やすごみ (戸別),お盆(トレイ)(木製),50cm以上は「有料ごみ」です,お
プラスチックごみ (戸別),おまる(簡易トイレ),50cm以上は「有料ごみ」です,お
燃やすごみ (戸別),おむつ,汚物はトイレに流してください,お
缶・金属類・古紙類・古布・衣類 (資源ステーション),おもちゃ(金属製),50cm以上は「有料ごみ」です,お
プラスチックごみ (戸別),おもちゃ(プラスチック製・ビニール製),50cm以上は「有料ごみ」です,お
燃やすごみ (戸別),おもちゃ(木製・布製),50cm以上は「有料ごみ」です,お
缶・金属類・古紙類・古布・衣類 (資源ステーション),オルゴール(金属製),　,お
埋立ごみ・小型電気製品・蛍光管・電球・水銀式体温計・温度計 (資源ステーション),オルゴール(陶磁器製),　,お
プラスチックごみ (戸別),オルゴール(プラスチック製),　,お
埋立ごみ・小型電気製品・蛍光管・電球・水銀式体温計・温度計 (資源ステーション),温室(家庭用)(ガラス製),一番長い部分で、一辺の長さが50cm以上の場合は「有料ごみ」です,お
プラスチックごみ (戸別),温室(家庭用)(プラスチック製),一番長い部分で、一辺の長さが50cm以上の場合は「有料ごみ」です,お
埋立ごみ・小型電気製品・蛍光管・電球・水銀式体温計・温度計 (資源ステーション),温度計(水銀式),　,お
埋立ごみ・小型電気製品・蛍光管・電球・水銀式体温計・温度計 (資源ステーション),温度計(電気式),　,お
燃やすごみ (戸別),ガーゼ,　,か
缶・金属類・古紙類・古布・衣類 (資源ステーション),カーテン(布製),袋に入れて出してください,か
プラスチックごみ (戸別),カーテン(布製以外),　,か
燃やすごみ (戸別),カーボン紙、ノンカーボン紙,　,か
燃やすごみ (戸別),貝殻,　,か
埋立ごみ・小型電気製品・蛍光管・電球・水銀式体温計・温度計 (資源ステーション),懐中電灯,　,か
缶・金属類・古紙類・古布・衣類 (資源ステーション),カイロ(使い捨て),　,か
埋立ごみ・小型電気製品・蛍光管・電球・水銀式体温計・温度計 (資源ステーション),鏡,一番長い部分で、一辺の長さが50cm以上の場合は「有料ごみ」です,か
缶・金属類・古紙類・古布・衣類 (資源ステーション),鍵,　,か
プラスチックごみ (戸別),かき氷機(手動式),　,か
缶・金属類・古紙類・古布・衣類 (資源ステーション),角ハンガー(金属製),　,か
プラスチックごみ (戸別),角ハンガー(プラスチック製),　,か
埋立ごみ・小型電気製品・蛍光管・電球・水銀式体温計・温度計 (資源ステーション),額縁(ガラス部),50cm以上は「有料ごみ」です,か
燃やすごみ (戸別),額縁(木枠),50cm以上は「有料ごみ」です,か
プラスチックごみ (戸別),額縁(プラスチック部),50cm以上は「有料ごみ」です,か
埋立ごみ・小型電気製品・蛍光管・電球・水銀式体温計・温度計 (資源ステーション),掛け時計,50cm以上は「有料ごみ」です,か
缶・金属類・古紙類・古布・衣類 (資源ステーション),傘,出来るだけ解体、分別して出してください,か
埋立ごみ・小型電気製品・蛍光管・電球・水銀式体温計・温度計 (資源ステーション),傘立て(ガラス製・陶磁器製),50cm以上は「有料ごみ」です,か
缶・金属類・古紙類・古布・衣類 (資源ステーション),傘立て(金属製),50cm以上は「有料ごみ」です,か
プラスチックごみ (戸別),傘立て(プラスチック製),50cm以上は「有料ごみ」です,か
燃やすごみ (戸別),傘立て(木製),50cm以上は「有料ごみ」です,か
缶・金属類・古紙類・古布・衣類 (資源ステーション),菓子箱(金属製),　,か
燃やすごみ (戸別),菓子箱(木製),　,か
缶・金属類・古紙類・古布・衣類 (資源ステーション),菓子箱・中仕切り(紙製),　,か
容器包装プラスチック (戸別),菓子箱・袋・缶の仕切り(プラスチック製),　,か
缶・金属類・古紙類・古布・衣類 (資源ステーション),ガスバーナー,50cm以上は「有料ごみ」です,か
缶・金属類・古紙類・古布・衣類 (資源ステーション),ガスマット(アルミ製),　,か
缶・金属類・古紙類・古布・衣類 (資源ステーション),カセットコンロ(卓上コンロ),　,か
缶・金属類・古紙類・古布・衣類 (資源ステーション),カセットコンロ(卓上コンロ)ボンベ,中身は使い切って出してください,か
プラスチックごみ (戸別),カセットテープ(ケース含む),　,か
缶・金属類・古紙類・古布・衣類 (資源ステーション),カタログ・パンフレット・リーフレット,　,か
プラスチックごみ (戸別),楽器ケースのみ,50cm以上は「有料ごみ」です,か
缶・金属類・古紙類・古布・衣類 (資源ステーション),カッター(本体・替刃),丈夫な紙等に包んで「キケン」と表示して出してください,か
容器包装プラスチック (戸別),カップめんの中の具(かやく)・スープの袋,液体の袋はゆすいで出してください,か
燃やすごみ (戸別),カップめんの容器・ふた(紙製),　,か
容器包装プラスチック (戸別),カップめんの容器・ふた・外包装フィルム(プラスチック製),容器はゆすいで出してください,か
プラスチックごみ (戸別),かつら,　,か
缶・金属類・古紙類・古布・衣類 (資源ステーション),蚊取線香の缶,　,か
燃やすごみ (戸別),蚊取線香のマット,　,か
缶・金属類・古紙類・古布・衣類 (資源ステーション),かなづち,　,か
燃やすごみ (戸別),かばん(革製・布製),一番長い部分で、一辺の長さが50cm以上の場合は「有料ごみ」です,か
プラスチックごみ (戸別),かばん(ビニール製),一番長い部分で、一辺の長さが50cm以上の場合は「有料ごみ」です,か
埋立ごみ・小型電気製品・蛍光管・電球・水銀式体温計・温度計 (資源ステーション),花瓶(ガラス製・陶磁器製),50cm以上は「有料ごみ」です,か
缶・金属類・古紙類・古布・衣類 (資源ステーション),花瓶(金属製),50cm以上は「有料ごみ」です,か
燃やすごみ (戸別),壁紙(布製・紙製),　,か
プラスチックごみ (戸別),壁紙(ビニール製),　,か
缶・金属類・古紙類・古布・衣類 (資源ステーション),カマ(草刈用),丈夫な紙等に包んで「キケン」と表示して出してください,か
燃やすごみ (戸別),かまぼこの板,　,か
燃やすごみ (戸別),紙おむつ,汚物はトイレに流してください,か
燃やすごみ (戸別),紙コップ,　,か
燃やすごみ (戸別),紙皿,　,か
埋立ごみ・小型電気製品・蛍光管・電球・水銀式体温計・温度計 (資源ステーション),カミソリ(電気式),　,か
缶・金属類・古紙類・古布・衣類 (資源ステーション),カミソリ(非電気式)(金属製),丈夫な紙等に包んで「キケン」と表示して出してください,か
プラスチックごみ (戸別),カミソリ(非電気式)(プラスチック製),丈夫な紙等に包んで「キケン」と表示して出してください,か
燃やすごみ (戸別),紙パック(内側が銀色のもの),ふた(プラスチック製)は「容器包装プラスチック」で出してください,か
缶・金属類・古紙類・古布・衣類 (資源ステーション),紙パック(内側が白いもの),ゆすいで、開いて出してください・ふた(プラスチック製)は「容器包装プラスチック」で出してください,か
缶・金属類・古紙類・古布・衣類 (資源ステーション),紙袋,　,か
燃やすごみ (戸別),紙やすり,　,か
燃やすごみ (戸別),ガム,　,か
燃やすごみ (戸別),ガムテープ,　,か
缶・金属類・古紙類・古布・衣類 (資源ステーション),ガムテープの芯,　,か
燃やすごみ (戸別),ガムの包装(１枚ごとの包み・外包み)(紙製),　,か
容器包装プラスチック (戸別),ガムの包装(１枚ごとの包み・外包み)(プラスチック製),　,か
プラスチックごみ (戸別),カメラ(使い捨て),　,か
容器包装プラスチック (戸別),カメラ(使い捨て)の包装,　,か
埋立ごみ・小型電気製品・蛍光管・電球・水銀式体温計・温度計 (資源ステーション),カメラ(デジタルカメラ含む),　,か
燃やすごみ (戸別),カメラケース(皮製・布製),　,か
プラスチックごみ (戸別),カメラケース(ビニール製),　,か
缶・金属類・古紙類・古布・衣類 (資源ステーション),画用紙,　,か
埋立ごみ・小型電気製品・蛍光管・電球・水銀式体温計・温度計 (資源ステーション),カラオケ機器(家庭用テレビ接続機器),　,か
容器包装プラスチック (戸別),からしのチューブ・ふた,ゆすいで出してください,か
埋立ごみ・小型電気製品・蛍光管・電球・水銀式体温計・温度計 (資源ステーション),ガラス製品,50cm以上は「有料ごみ」です,か
埋立ごみ・小型電気製品・蛍光管・電球・水銀式体温計・温度計 (資源ステーション),ガラスのコップ・食器,　,か
埋立ごみ・小型電気製品・蛍光管・電球・水銀式体温計・温度計 (資源ステーション),ガラス窓,一番長い部分で、一辺の長さが50cm以上の場合は「有料ごみ」です,か
缶・金属類・古紙類・古布・衣類 (資源ステーション),刈り込みばさみ,丈夫な紙等に包んで「キケン」と表示して出してください,か
缶・金属類・古紙類・古布・衣類 (資源ステーション),カレンダー,金属部分は「その他金属類」で出してください,か
燃やすごみ (戸別),革靴,　,か
缶・金属類・古紙類・古布・衣類 (資源ステーション),革の衣類等(ジャンパー・ズボン等),袋に入れて出してください,か
缶・金属類・古紙類・古布・衣類 (資源ステーション),缶(飲料・食品等)(アルミ製),ゆすいで出してください,か
缶・金属類・古紙類・古布・衣類 (資源ステーション),缶(飲料・食品等)(スチール製),ゆすいで出してください,か
プラスチックごみ (戸別),簡易トイレ(おまる),50cm以上は「有料ごみ」です,か
缶・金属類・古紙類・古布・衣類 (資源ステーション),缶切,　,か
缶・金属類・古紙類・古布・衣類 (資源ステーション),緩衝材(紙製),　,か
容器包装プラスチック (戸別),緩衝材(発泡スチロール),　,か
プラスチックごみ (戸別),乾燥剤,　,か
埋立ごみ・小型電気製品・蛍光管・電球・水銀式体温計・温度計 (資源ステーション),乾電池(一部の充電式含む),なるべく販売店回収を利用してください,か
燃やすごみ (戸別),感熱紙,　,か
缶・金属類・古紙類・古布・衣類 (資源ステーション),キーホルダー(金属製),　,き
燃やすごみ (戸別),キッチンペーパー,　,き
プラスチックごみ (戸別),キャッシュカード,　,き
缶・金属類・古紙類・古布・衣類 (資源ステーション),キャップ・ふた(金属製),　,き
容器包装プラスチック (戸別),キャップ・ふた(プラスチック製),ゆすいで出してください,き
燃やすごみ (戸別),キャラメルの包装(１個ごとの包み),　,き
缶・金属類・古紙類・古布・衣類 (資源ステーション),キャラメルの包装(外箱),　,き
容器包装プラスチック (戸別),キャラメルの包装(外包装フィルム),　,き
缶・金属類・古紙類・古布・衣類 (資源ステーション),牛乳パック,ゆすいで、開いて出してください,き
びん類・ペットボトル・白色トレイ・廃食油 (資源ステーション),牛乳びん,ゆすいで、無色透明・茶色・その他に分別して出してください,き
缶・金属類・古紙類・古布・衣類 (資源ステーション),牛乳びんのふた(紙製),ゆすいで出してください,き
容器包装プラスチック (戸別),牛乳びんのふた(プラスチック製),ゆすいで出してください,き
プラスチックごみ (戸別),給油ポンプ(手動式),　,き
埋立ごみ・小型電気製品・蛍光管・電球・水銀式体温計・温度計 (資源ステーション),給油ポンプ(電池式),　,き
草木類 (資源ステーション),切り花・花,ビニール袋に入れて出してください(ビニール袋以外では出さないでください),き
缶・金属類・古紙類・古布・衣類 (資源ステーション),金庫(手提げ金庫),　,き
缶・金属類・古紙類・古布・衣類 (資源ステーション),空気入れ(手動ポンプ式)(金属製),　,く
プラスチックごみ (戸別),空気入れ(手動ポンプ式)(プラスチック製),　,く
容器包装プラスチック (戸別),クーラーボックス(発泡スチロール製),　,く
プラスチックごみ (戸別),クーラーボックス(プラスチック製),一番長い部分で、一辺の長さが50cm以上の場合は「有料ごみ」です,く
缶・金属類・古紙類・古布・衣類 (資源ステーション),くぎ,ペットボトルなどのふた付きの容器に入れて出してください,く
草木類 (資源ステーション),草・葉・枝 ,太さ10cm以上、長さ50cm以上のものは収集できません・葉や小枝等はビニール袋に入れて出してください,く
缶・金属類・古紙類・古布・衣類 (資源ステーション),くさり(金属製),　,く
プラスチックごみ (戸別),くさり(プラスチック製),　,く
缶・金属類・古紙類・古布・衣類 (資源ステーション),串(金属製),丈夫な紙等に包んで「キケン」と表示して出してください,く
プラスチックごみ (戸別),串(プラスチック製),　,く
燃やすごみ (戸別),串(木製),　,く
燃やすごみ (戸別),薬(錠剤・カプセル等),　,く
容器包装プラスチック (戸別),薬(錠剤・カプセル等)の包装シート,　,く
缶・金属類・古紙類・古布・衣類 (資源ステーション),薬のチューブ(金属製),中身は使い切って出してください,く
容器包装プラスチック (戸別),薬のチューブ(プラスチック製),中身は使い切って出してください,く
びん類・ペットボトル・白色トレイ・廃食油 (資源ステーション),薬のびん,ゆすいで、無色透明・茶色・その他に分別して出してください,く
容器包装プラスチック (戸別),薬の容器・ふた(プラスチック製),ゆすいで出してください,く
容器包装プラスチック (戸別),果物・野菜のネット,　,く
容器包装プラスチック (戸別),果物を包んだ発砲スチール製ネット,　,く
缶・金属類・古紙類・古布・衣類 (資源ステーション),口紅の容器(金属製),使い切って出してください,く
容器包装プラスチック (戸別),口紅の容器(プラスチック製),使い切って出してください,く
プラスチックごみ (戸別),靴・サンダル・スリッパ(ビニール製・ゴム製),　,く
燃やすごみ (戸別),靴・スリッパ(革製・布製),　,く
燃やすごみ (戸別),クッキングペーパー,　,く
燃やすごみ (戸別),靴下,　,く
プラスチックごみ (戸別),クッション(ビーズ・ポリエステル・スポンジ等),50cm以上は「有料ごみ」です,く
燃やすごみ (戸別),クッション(綿・羊毛・羽毛等),50cm以上は「有料ごみ」です,く
缶・金属類・古紙類・古布・衣類 (資源ステーション),クッションカバー(革製・布製),袋に入れて出してください,く
プラスチックごみ (戸別),クッションカバー(ビニール製),　,く
缶・金属類・古紙類・古布・衣類 (資源ステーション),靴べら(金属製),　,く
プラスチックごみ (戸別),靴べら(プラスチック製),　,く
燃やすごみ (戸別),靴べら(木製),　,く
燃やすごみ (戸別),熊手(竹製),　,く
プラスチックごみ (戸別),熊手(プラスチック製),　,く
埋立ごみ・小型電気製品・蛍光管・電球・水銀式体温計・温度計 (資源ステーション),グラス,　,く
プラスチックごみ (戸別),クリアファイル(プラスチック製),　,く
プラスチックごみ (戸別),クリーニング袋,　,く
プラスチックごみ (戸別),クリスマスツリーの装飾品(プラスチック製),　,く
埋立ごみ・小型電気製品・蛍光管・電球・水銀式体温計・温度計 (資源ステーション),クリスマスのイルミネーション電球,　,く
埋立ごみ・小型電気製品・蛍光管・電球・水銀式体温計・温度計 (資源ステーション),クリスマスの電飾品,50cm以上は「有料ごみ」です,く
プラスチックごみ (戸別),クレジットカード,　,く
燃やすごみ (戸別),クレヨン,　,く
缶・金属類・古紙類・古布・衣類 (資源ステーション),クレヨンの箱(紙製),　,く
容器包装プラスチック (戸別),クレヨンの箱・中敷(プラスチック製),　,く
燃やすごみ (戸別),グローブ(皮製),　,く
プラスチックごみ (戸別),グローブ(ビニール製),　,く
缶・金属類・古紙類・古布・衣類 (資源ステーション),くわ(金属製),丈夫な紙等に包んで「キケン」と表示して出してください,く
燃やすごみ (戸別),軍手,　,く
缶・金属類・古紙類・古布・衣類 (資源ステーション),携行缶,中はカラの状態で出してください,け
埋立ごみ・小型電気製品・蛍光管・電球・水銀式体温計・温度計 (資源ステーション),蛍光管・電球,　,け
埋立ごみ・小型電気製品・蛍光管・電球・水銀式体温計・温度計 (資源ステーション),計算機(電卓),　,け
埋立ごみ・小型電気製品・蛍光管・電球・水銀式体温計・温度計 (資源ステーション),携帯電話(バッテリー含む),なるべく販売店回収を利用してください,け
埋立ごみ・小型電気製品・蛍光管・電球・水銀式体温計・温度計 (資源ステーション),携帯用ラジオ,　,け
燃やすごみ (戸別),毛糸,　,け
缶・金属類・古紙類・古布・衣類 (資源ステーション),計量器(はかり)(金属製),50cm以上は「有料ごみ」です,け
プラスチックごみ (戸別),計量器(はかり)(プラスチック製),50cm以上は「有料ごみ」です,け
埋立ごみ・小型電気製品・蛍光管・電球・水銀式体温計・温度計 (資源ステーション),ケーブル,　,け
埋立ごみ・小型電気製品・蛍光管・電球・水銀式体温計・温度計 (資源ステーション),ゲーム機(携帯型),　,け
プラスチックごみ (戸別),ゲームソフト(ケース含む),　,け
缶・金属類・古紙類・古布・衣類 (資源ステーション),毛皮(コート等),袋に入れて出してください,け
プラスチックごみ (戸別),消しゴム,　,け
缶・金属類・古紙類・古布・衣類 (資源ステーション),化粧品の紙箱,　,け
びん類・ペットボトル・白色トレイ・廃食油 (資源ステーション),化粧品のびん,ゆすいで、無色透明・茶色・その他に分別して出してください,け
缶・金属類・古紙類・古布・衣類 (資源ステーション),化粧品の容器(金属製),中身は使い切って出してください,け
容器包装プラスチック (戸別),化粧品の容器・ふた(プラスチック製),ゆすいで出してください,け
容器包装プラスチック (戸別),ケチャップの容器・ふた・外袋,容器とふたはゆすいで出してください,け
埋立ごみ・小型電気製品・蛍光管・電球・水銀式体温計・温度計 (資源ステーション),血圧計(手動式),　,け
燃やすごみ (戸別),こいのぼり(布製),　,こ
プラスチックごみ (戸別),こいのぼり(ビニール製),　,こ
プラスチックごみ (戸別),こいのぼりの棒(プラスチック製),50cm以上は「有料ごみ」です,こ
缶・金属類・古紙類・古布・衣類 (資源ステーション),こいのぼりの矢車・金具(金属製),　,こ
缶・金属類・古紙類・古布・衣類 (資源ステーション),工具(非電気式),50cm以上は「有料ごみ」です,こ
缶・金属類・古紙類・古布・衣類 (資源ステーション),工具箱(金属製),50cm以上は「有料ごみ」です,こ
プラスチックごみ (戸別),工具箱(プラスチック製),50cm以上は「有料ごみ」です,こ
缶・金属類・古紙類・古布・衣類 (資源ステーション),広告・チラシ,束ねてヒモで十文字に縛って出してください,こ
埋立ごみ・小型電気製品・蛍光管・電球・水銀式体温計・温度計 (資源ステーション),コード(電気コード),　,こ
缶・金属類・古紙類・古布・衣類 (資源ステーション),コート・オーバー,袋に入れて出してください,こ
缶・金属類・古紙類・古布・衣類 (資源ステーション),コードリール(電気コード用),　,こ
缶・金属類・古紙類・古布・衣類 (資源ステーション),コーヒーのびんの中のふた(紙製),　,こ
容器包装プラスチック (戸別),コーヒーのびんのふた(プラスチック製),　,こ
埋立ごみ・小型電気製品・蛍光管・電球・水銀式体温計・温度計 (資源ステーション),小型充電式電池(車両・電動リール以外用),なるべく販売店回収を利用してください,こ
燃やすごみ (戸別),固形燃料,　,こ
埋立ごみ・小型電気製品・蛍光管・電球・水銀式体温計・温度計 (資源ステーション),コップ(ガラス製・陶磁器製),　,こ
缶・金属類・古紙類・古布・衣類 (資源ステーション),コップ(金属製),　,こ
プラスチックごみ (戸別),コップ(プラスチック製),　,こ
燃やすごみ (戸別),コップ(木製),　,こ
燃やすごみ (戸別),粉チーズの容器,可能な限り「紙」「プラスチック」「金属」に分別して出してください,こ
缶・金属類・古紙類・古布・衣類 (資源ステーション),粉ミルクの缶(金属製),ゆすいで出してください,こ
容器包装プラスチック (戸別),粉ミルクの缶のふた(プラスチック製),　,こ
缶・金属類・古紙類・古布・衣類 (資源ステーション),ごみ箱(金属製),50cm以上は「有料ごみ」です,こ
埋立ごみ・小型電気製品・蛍光管・電球・水銀式体温計・温度計 (資源ステーション),ごみ箱(陶磁器製),50cm以上は「有料ごみ」です,こ
プラスチックごみ (戸別),ごみ箱(プラスチック製),50cm以上は「有料ごみ」です,こ
燃やすごみ (戸別),ごみ箱(木製),50cm以上は「有料ごみ」です,こ
プラスチックごみ (戸別),ゴム製品,50cm以上は「有料ごみ」です,こ
プラスチックごみ (戸別),ゴムホース,　,こ
缶・金属類・古紙類・古布・衣類 (資源ステーション),米びつ(金属製),一番長い部分で、一辺の長さが50cm以上の場合は「有料ごみ」です,こ
プラスチックごみ (戸別),米びつ(プラスチック製),一番長い部分で、一辺の長さが50cm以上の場合は「有料ごみ」です,こ
燃やすごみ (戸別),米びつ(木製),一番長い部分で、一辺の長さが50cm以上の場合は「有料ごみ」です,こ
燃やすごみ (戸別),米袋(紙製),　,こ
容器包装プラスチック (戸別),米袋(ビニール製),　,こ
燃やすごみ (戸別),コルク製品,50cm以上は「有料ごみ」です,こ
プラスチックごみ (戸別),ゴルフボール,　,こ
プラスチックごみ (戸別),コンタクトレンズ,　,こ
容器包装プラスチック (戸別),コンタクトレンズのケース,　,こ
缶・金属類・古紙類・古布・衣類 (資源ステーション),コンロ(卓上・カセット),　,こ
プラスチックごみ (戸別),(ビニールパック・チューブ類),よく洗浄して出してください,さ
燃やすごみ (戸別),財布(皮製・布製),　,さ
プラスチックごみ (戸別),財布(ビニール製),　,さ
プラスチックごみ (戸別),魚(虫)取りあみ,　,さ
缶・金属類・古紙類・古布・衣類 (資源ステーション),作業着,袋に入れて出してください,さ
燃やすごみ (戸別),酒パック(内側が銀色のもの),ふた(プラスチック製)は「容器包装プラスチック」で出してください,さ
缶・金属類・古紙類・古布・衣類 (資源ステーション),酒パック(内側が白いもの),ゆすいで、開いて出してください・ふた(プラスチック製)は「容器包装プラスチック」で出してください,さ
プラスチックごみ (戸別),サッカーボール,　,さ
缶・金属類・古紙類・古布・衣類 (資源ステーション),雑誌,束ねてヒモで十文字に縛って出してください,さ
缶・金属類・古紙類・古布・衣類 (資源ステーション),殺虫剤のスプレー缶,中身は使い切って出してください,さ
燃やすごみ (戸別),皿(紙製・木製),　,さ
缶・金属類・古紙類・古布・衣類 (資源ステーション),皿(金属製),　,さ
埋立ごみ・小型電気製品・蛍光管・電球・水銀式体温計・温度計 (資源ステーション),皿(陶器・ガラス製),　,さ
プラスチックごみ (戸別),皿(プラスチック製),　,さ
缶・金属類・古紙類・古布・衣類 (資源ステーション),ざる(金属製),　,さ
燃やすごみ (戸別),ざる(竹製),　,さ
プラスチックごみ (戸別),ざる(プラスチック製),　,さ
プラスチックごみ (戸別),サングラス,　,さ
燃やすごみ (戸別),サンダル(皮製・布製),　,さ
プラスチックごみ (戸別),サンダル(ゴム製・プラスチック製),　,さ
プラスチックごみ (戸別),サンドバッグ(水タイプ),水を抜いて出してください,さ
缶・金属類・古紙類・古布・衣類 (資源ステーション),シーツ,袋に入れて出してください,し
プラスチックごみ (戸別),ＣＤ・ＬＤ・ＤＶＤ・ＢＤ(ケース含む),　,し
プラスチックごみ (戸別),シート(ブルー・レジャーシート等)(ビニール製),　,し
缶・金属類・古紙類・古布・衣類 (資源ステーション),ジーンズ・ジーパン,袋に入れて出してください,し
プラスチックごみ (戸別),飼育ケース・虫かご(プラスチック製),50cm以上は「有料ごみ」です,し
埋立ごみ・小型電気製品・蛍光管・電球・水銀式体温計・温度計 (資源ステーション),シェーバー(電気式),　,し
缶・金属類・古紙類・古布・衣類 (資源ステーション),シェーバー(非電気式)(金属製),　,し
プラスチックごみ (戸別),シェーバー(非電気式)(プラスチック製),　,し
プラスチックごみ (戸別),磁気カード,　,し
缶・金属類・古紙類・古布・衣類 (資源ステーション),磁石,　,し
缶・金属類・古紙類・古布・衣類 (資源ステーション),辞書・辞典,　,し
燃やすごみ (戸別),下着類,　,し
燃やすごみ (戸別),下敷き(文房具)(紙製),　,し
プラスチックごみ (戸別),下敷き(文房具)(プラスチック製),　,し
埋立ごみ・小型電気製品・蛍光管・電球・水銀式体温計・温度計 (資源ステーション),七輪,50cm以上は「有料ごみ」です,し
燃やすごみ (戸別),湿布薬,　,し
缶・金属類・古紙類・古布・衣類 (資源ステーション),湿布薬の外袋・外箱(紙製),　,し
プラスチックごみ (戸別),湿布薬のフィルム,　,し
プラスチックごみ (戸別),自転車・自動車のカバー,　,し
燃やすごみ (戸別),竹刀(しない)・木刀,　,し
缶・金属類・古紙類・古布・衣類 (資源ステーション),シャープペンシル(金属製),　,し
プラスチックごみ (戸別),シャープペンシル(プラスチック製),　,し
燃やすごみ (戸別),シャープペンシルの芯,　,し
缶・金属類・古紙類・古布・衣類 (資源ステーション),ジャグ(大型水筒)(金属製),50cm以上は「有料ごみ」です,し
プラスチックごみ (戸別),ジャグ(大型水筒)(プラスチック製),50cm以上は「有料ごみ」です,し
燃やすごみ (戸別),写真,　,し
缶・金属類・古紙類・古布・衣類 (資源ステーション),シャツ,袋に入れて出してください,し
缶・金属類・古紙類・古布・衣類 (資源ステーション),ジャッキ(非油圧式),50cm以上は「有料ごみ」です,し
缶・金属類・古紙類・古布・衣類 (資源ステーション),シャベル(スコップ)(金属製),　,し
プラスチックごみ (戸別),シャベル(スコップ)(プラスチック製),　,し
びん類・ペットボトル・白色トレイ・廃食油 (資源ステーション),ジャムのびん,ゆすいで、無色透明・茶色・その他に分別して出してください,し
缶・金属類・古紙類・古布・衣類 (資源ステーション),ジャンパー,袋に入れて出してください,し
容器包装プラスチック (戸別),シャンプー・リンスの容器,ゆすいで出してください,し
缶・金属類・古紙類・古布・衣類 (資源ステーション),週刊誌,束ねてヒモで十文字に縛って出してください,し
埋立ごみ・小型電気製品・蛍光管・電球・水銀式体温計・温度計 (資源ステーション),充電器(車両・電動リール以外用),　,し
埋立ごみ・小型電気製品・蛍光管・電球・水銀式体温計・温度計 (資源ステーション),充電池(バッテリー)(車両・電動リール以外用),なるべく販売店回収を利用してください,し
プラスチックごみ (戸別),ジュニアシート,　,し
プラスチックごみ (戸別),シュレッダー(手動式),50cm以上は「有料ごみ」です,し
缶・金属類・古紙類・古布・衣類 (資源ステーション),シュレッダーした紙,風で飛び散らないよう、ビニールなどの袋に入れて出してください,し
缶・金属類・古紙類・古布・衣類 (資源ステーション),定規(金属製),　,し
プラスチックごみ (戸別),定規(プラスチック製),　,し
燃やすごみ (戸別),定規(木製・竹製),　,し
缶・金属類・古紙類・古布・衣類 (資源ステーション),障子紙,　,し
缶・金属類・古紙類・古布・衣類 (資源ステーション),消臭剤のスプレー缶,中身は使い切って出してください,し
プラスチックごみ (戸別),消臭剤の容器(プラスチック製),　,し
缶・金属類・古紙類・古布・衣類 (資源ステーション),浄水器(非電気式)(金属製),　,し
プラスチックごみ (戸別),浄水器(非電気式)(プラスチック製),　,し
埋立ごみ・小型電気製品・蛍光管・電球・水銀式体温計・温度計 (資源ステーション),醤油さし(ガラス製・陶磁器製),　,し
プラスチックごみ (戸別),醤油さし(プラスチック製),　,し
びん類・ペットボトル・白色トレイ・廃食油 (資源ステーション),醤油の容器(びん),ゆすいで、無色透明・茶色・その他に分別して出してください,し
缶・金属類・古紙類・古布・衣類 (資源ステーション),じょうろ(金属製),　,し
プラスチックごみ (戸別),じょうろ(プラスチック製),　,し
容器包装プラスチック (戸別),食品保存容器(プラスチック製),ゆすいで出してください,し
容器包装プラスチック (戸別),除湿剤の容器,中の水分は捨てて出してください,し
缶・金属類・古紙類・古布・衣類 (資源ステーション),書籍・書物,束ねてヒモで十文字に縛って出してください,し
埋立ごみ・小型電気製品・蛍光管・電球・水銀式体温計・温度計 (資源ステーション),食器(ガラス製・陶磁器製),　,し
缶・金属類・古紙類・古布・衣類 (資源ステーション),食器(金属製),　,し
プラスチックごみ (戸別),食器(プラスチック製),　,し
燃やすごみ (戸別),食器(木製),　,し
缶・金属類・古紙類・古布・衣類 (資源ステーション),ショッピングカート(金属製),50cm以上は「有料ごみ」です,し
プラスチックごみ (戸別),ショッピングカート(プラスチック製),50cm以上は「有料ごみ」です,し
プラスチックごみ (戸別),シリカゲル(乾燥剤),　,し
びん類・ペットボトル・白色トレイ・廃食油 (資源ステーション),白トレイ,ゆすいで出してください。なるべく販売店回収を利用してください,し
缶・金属類・古紙類・古布・衣類 (資源ステーション),新聞紙(広告・チラシ含む),束ねてヒモで十文字に縛って出してください,し
埋立ごみ・小型電気製品・蛍光管・電球・水銀式体温計・温度計 (資源ステーション),水槽(ガラス製),一番長い部分で、一辺の長さが50cm以上の場合は「有料ごみ」です,す
プラスチックごみ (戸別),水槽(プラスチック製),一番長い部分で、一辺の長さが50cm以上の場合は「有料ごみ」です,す
埋立ごみ・小型電気製品・蛍光管・電球・水銀式体温計・温度計 (資源ステーション),水槽用ポンプ,　,す
缶・金属類・古紙類・古布・衣類 (資源ステーション),水筒(金属製),50cm以上は「有料ごみ」です,す
プラスチックごみ (戸別),水筒(プラスチック製),50cm以上は「有料ごみ」です,す
缶・金属類・古紙類・古布・衣類 (資源ステーション),スーツ,袋に入れて出してください,す
缶・金属類・古紙類・古布・衣類 (資源ステーション),スカーフ,袋に入れて出してください,す
缶・金属類・古紙類・古布・衣類 (資源ステーション),スキーウェア(上下・手袋),袋に入れて出してください,す
プラスチックごみ (戸別),スキー靴,　,す
プラスチックごみ (戸別),スキーゴーグル,　,す
プラスチックごみ (戸別),スケート靴(ローラー),　,す
缶・金属類・古紙類・古布・衣類 (資源ステーション),スコップ(シャベル)(金属製),　,す
プラスチックごみ (戸別),スコップ(シャベル)(プラスチック製),　,す
プラスチックごみ (戸別),すし桶(飯台)(プラスチック製),50cm以上は「有料ごみ」です,す
燃やすごみ (戸別),すし桶(飯台)(木製),50cm以上は「有料ごみ」です,す
缶・金属類・古紙類・古布・衣類 (資源ステーション),スタンプ台(金属製),　,す
プラスチックごみ (戸別),スタンプ台(プラスチック製),　,す
缶・金属類・古紙類・古布・衣類 (資源ステーション),スチール缶,中身は使い切って、ゆすげるものはゆすいで出してください,す
缶・金属類・古紙類・古布・衣類 (資源ステーション),スチールたわし,　,す
プラスチックごみ (戸別),ストッキング,　,す
プラスチックごみ (戸別),ストロー,　,す
燃やすごみ (戸別),スニーカー(革製・布製),　,す
プラスチックごみ (戸別),スニーカー(ビニール製・ゴム製),　,す
プラスチックごみ (戸別),スノーボード靴,　,す
プラスチックごみ (戸別),スパイクシューズ,　,す
埋立ごみ・小型電気製品・蛍光管・電球・水銀式体温計・温度計 (資源ステーション),スピーカー,50cm以上のものは「有料ごみ」です・その場合２個で１品として扱います(１個でも同額です),す
缶・金属類・古紙類・古布・衣類 (資源ステーション),スプーン・フォーク・ナイフ(金属製),ナイフは丈夫な紙等に包んで「キケン」と表示して出してください,す
プラスチックごみ (戸別),スプーン・フォーク・ナイフ(プラスチック製),　,す
缶・金属類・古紙類・古布・衣類 (資源ステーション),スプレー缶,中身は使い切って出してください,す
容器包装プラスチック (戸別),スプレー缶のキャップ,　,す
缶・金属類・古紙類・古布・衣類 (資源ステーション),ズボン,袋に入れて出してください,す
プラスチックごみ (戸別),スポンジ,　,す
燃やすごみ (戸別),炭,　,す
燃やすごみ (戸別),スリッパ(布製),　,す
プラスチックごみ (戸別),スリッパ（ビニール製）,,す
缶・金属類・古紙類・古布・衣類 (資源ステーション),整髪料のスプレー缶,中身は使い切って出してください,せ
埋立ごみ・小型電気製品・蛍光管・電球・水銀式体温計・温度計 (資源ステーション),整髪料の容器(ガラス製),　,せ
容器包装プラスチック (戸別),整髪料の容器(プラスチック製),ゆすいで出してください,せ
燃やすごみ (戸別),生理用品,　,せ
缶・金属類・古紙類・古布・衣類 (資源ステーション),セーター,袋に入れて出してください,せ
燃やすごみ (戸別),せっけん,　,せ
燃やすごみ (戸別),せっけんの袋(紙製),　,せ
容器包装プラスチック (戸別),せっけんの袋(プラスチック製),　,せ
缶・金属類・古紙類・古布・衣類 (資源ステーション),接着剤のチューブ(金属製),中身は使い切って出してください,せ
プラスチックごみ (戸別),接着剤のチューブ(プラスチック製),中身は使い切って出してください,せ
埋立ごみ・小型電気製品・蛍光管・電球・水銀式体温計・温度計 (資源ステーション),瀬戸物,　,せ
プラスチックごみ (戸別),セロハンテープ,　,せ
埋立ごみ・小型電気製品・蛍光管・電球・水銀式体温計・温度計 (資源ステーション),セロハンテープのカッター台(中におもりが入っているもの),　,せ
プラスチックごみ (戸別),セロハンテープのカッター台(プラスチック製),　,せ
容器包装プラスチック (戸別),セロハンテープの個袋,　,せ
容器包装プラスチック (戸別),洗顔料のチューブ,中身は使い切って出してください,せ
プラスチックごみ (戸別),洗剤の計量カップ・スプーン(プラスチック製),　,せ
容器包装プラスチック (戸別),洗剤のふた・取っ手(プラスチック製),ふたはゆすいで出してください,せ
燃やすごみ (戸別),洗剤容器(紙製),中身は使い切って出してください,せ
容器包装プラスチック (戸別),洗剤容器(プラスチック製),ゆすいで出してください,せ
缶・金属類・古紙類・古布・衣類 (資源ステーション),洗濯かご(金属製),50cm以上は「有料ごみ」です,せ
プラスチックごみ (戸別),洗濯かご(プラスチック製),50cm以上は「有料ごみ」です,せ
プラスチックごみ (戸別),洗濯ネット,　,せ
容器包装プラスチック (戸別),洗濯のりの容器・ふた・詰替え用袋(プラスチック製),ゆすいで出してください,せ
缶・金属類・古紙類・古布・衣類 (資源ステーション),洗濯ばさみ(金属製),　,せ
プラスチックごみ (戸別),洗濯ばさみ(プラスチック製),　,せ
草木類 (資源ステーション),剪定枝・木(竹・笹・シュロ・キョウチクトウ以外),太さ10cm以上、長さ50cm以上のものは収集できません・葉や小枝等はビニール袋に入れて出してください,せ
缶・金属類・古紙類・古布・衣類 (資源ステーション),栓抜き,　,せ
缶・金属類・古紙類・古布・衣類 (資源ステーション),洗面器(金属製),　,せ
プラスチックごみ (戸別),洗面器(プラスチック製),　,せ
埋立ごみ・小型電気製品・蛍光管・電球・水銀式体温計・温度計 (資源ステーション),双眼鏡,　,そ
燃やすごみ (戸別),ぞうきん,　,そ
容器包装プラスチック (戸別),ソースの容器・ふた(プラスチック製),ゆすいで出してください,そ
埋立ごみ・小型電気製品・蛍光管・電球・水銀式体温計・温度計 (資源ステーション),体温計(水銀式),　,た
埋立ごみ・小型電気製品・蛍光管・電球・水銀式体温計・温度計 (資源ステーション),体温計(電気式),　,た
埋立ごみ・小型電気製品・蛍光管・電球・水銀式体温計・温度計 (資源ステーション),体重計(電池式),50cm以上は「有料ごみ」です・大型は町では処理できませんので、販売店、民間業者等に問い合わせください,た
缶・金属類・古紙類・古布・衣類 (資源ステーション),体重計(非電池式),50cm以上は「有料ごみ」です・大型は町では処理できませんので、販売店、民間業者等に問い合わせください,た
プラスチックごみ (戸別),ダイビング用品(ドライスーツ・フード・グローブ等の保護スーツ),　,た
プラスチックごみ (戸別),ダイビング用品(マスク・シュノーケル・フィン等の軽器材),　,た
プラスチックごみ (戸別),タイヤ(自動車・オートバイ(原付含む)以外)(自転車・一輪車・リヤカー等),金属部分は「その他金属類」で出してください,た
缶・金属類・古紙類・古布・衣類 (資源ステーション),タイヤチェーン(金属製),　,た
プラスチックごみ (戸別),タイヤチェーン(非金属製),　,た
缶・金属類・古紙類・古布・衣類 (資源ステーション),ダイレクトメール(紙製),　,た
プラスチックごみ (戸別),ダイレクトメール(ビニール製),　,た
缶・金属類・古紙類・古布・衣類 (資源ステーション),ダウンジャケット,袋に入れて出してください,た
缶・金属類・古紙類・古布・衣類 (資源ステーション),タオル・手ぬぐい,袋に入れて出してください,た
缶・金属類・古紙類・古布・衣類 (資源ステーション),タオルケット,袋に入れて出してください,た
缶・金属類・古紙類・古布・衣類 (資源ステーション),高枝切りばさみ,　,た
缶・金属類・古紙類・古布・衣類 (資源ステーション),卓上コンロ(カセットコンロ),　,た
缶・金属類・古紙類・古布・衣類 (資源ステーション),卓上コンロ(カセットコンロ)用ボンベ,中身は使い切って出してください,た
燃やすごみ (戸別),宅配便の複写伝票(カーボン紙等),　,た
缶・金属類・古紙類・古布・衣類 (資源ステーション),竹馬(ステンレス製),　,た
燃やすごみ (戸別),竹馬(竹製),　,た
燃やすごみ (戸別),竹ぼうき,　,た
燃やすごみ (戸別),脱脂綿,　,た
燃やすごみ (戸別),脱臭剤,　,た
缶・金属類・古紙類・古布・衣類 (資源ステーション),脱臭剤のスプレー缶,中身は使い切って出してください,た
プラスチックごみ (戸別),脱臭剤の容器(プラスチック製),　,た
プラスチックごみ (戸別),脱水器(非電気式)(プラスチック製),　,た
プラスチックごみ (戸別),タッパーウェア(タッパー)(プラスチック製・ゴム製),　,た
燃やすごみ (戸別),たばこの吸殻,　,た
缶・金属類・古紙類・古布・衣類 (資源ステーション),たばこの箱,　,た
燃やすごみ (戸別),たばこの箱の中の銀紙,　,た
容器包装プラスチック (戸別),たばこのフィルム,　,た
燃やすごみ (戸別),卵の殻,　,た
缶・金属類・古紙類・古布・衣類 (資源ステーション),卵のパック(紙製),　,た
容器包装プラスチック (戸別),卵のパック(プラスチック製),　,た
缶・金属類・古紙類・古布・衣類 (資源ステーション),たわし(金属製),　,た
燃やすごみ (戸別),たわし(金属製以外),　,た
缶・金属類・古紙類・古布・衣類 (資源ステーション),ダンベル,　,た
缶・金属類・古紙類・古布・衣類 (資源ステーション),ダンボール,折りたたんで出してください,た
缶・金属類・古紙類・古布・衣類 (資源ステーション),チェーン(金属製),　,ち
プラスチックごみ (戸別),チェーン(プラスチック製),　,ち
プラスチックごみ (戸別),地球儀,　,ち
燃やすごみ (戸別),茶殻,水分をよく切って出してください,ち
容器包装プラスチック (戸別),茶筒の中のふた(プラスチック製),　,ち
埋立ごみ・小型電気製品・蛍光管・電球・水銀式体温計・温度計 (資源ステーション),茶わん,　,ち
容器包装プラスチック (戸別),チューブ(食品・歯磨き粉等)(プラスチック製),中身は使い切って出してください,ち
埋立ごみ・小型電気製品・蛍光管・電球・水銀式体温計・温度計 (資源ステーション),調理用ボウル(ガラス製),　,ち
缶・金属類・古紙類・古布・衣類 (資源ステーション),調理用ボウル(金属製),　,ち
プラスチックごみ (戸別),調理用ボウル(プラスチック製),　,ち
燃やすごみ (戸別),調理用ボウル(木製),　,ち
缶・金属類・古紙類・古布・衣類 (資源ステーション),チラシ・広告,束ねてヒモで十文字に縛って出してください,ち
燃やすごみ (戸別),ちり紙(ティッシュペーパー),　,ち
缶・金属類・古紙類・古布・衣類 (資源ステーション),ちりとり(金属製),　,ち
プラスチックごみ (戸別),ちりとり(プラスチック製),　,ち
缶・金属類・古紙類・古布・衣類 (資源ステーション),使い捨てカイロ,　,つ
缶・金属類・古紙類・古布・衣類 (資源ステーション),つえ(金属製),　,つ
プラスチックごみ (戸別),つえ(プラスチック製),　,つ
燃やすごみ (戸別),つえ(木製),　,つ
容器包装プラスチック (戸別),使い捨てカイロの外袋,　,つ
プラスチックごみ (戸別),使い捨てライター,中身は使い切って出してください,つ
燃やすごみ (戸別),積み木,　,つ
缶・金属類・古紙類・古布・衣類 (資源ステーション),つめきり,　,つ
プラスチックごみ (戸別),釣り糸,　,つ
缶・金属類・古紙類・古布・衣類 (資源ステーション),釣り具のリール(非電動式)・釣り針・釣りのおもり,釣り針は、ペットボトルなどのふた付きの容器に入れて出してください,つ
プラスチックごみ (戸別),釣り竿,50cm以上は「有料ごみ」です,つ
缶・金属類・古紙類・古布・衣類 (資源ステーション),吊り棚(金属製),50cm以上は「有料ごみ」です,つ
プラスチックごみ (戸別),吊り棚(プラスチック製),50cm以上は「有料ごみ」です,つ
燃やすごみ (戸別),吊り棚(木製),50cm以上は「有料ごみ」です,つ
缶・金属類・古紙類・古布・衣類 (資源ステーション),Ｔシャツ,袋に入れて出してください,て
燃やすごみ (戸別),ティーバッグ,水分をよく切ってください,て
プラスチックごみ (戸別),ＤＶＤ・ＬＤ・ＣＤ・ＢＤ(ケース含む),　,て
プラスチックごみ (戸別),ディスク類(ＦＤ等),　,て
燃やすごみ (戸別),ティッシュペーパー(ちり紙),　,て
缶・金属類・古紙類・古布・衣類 (資源ステーション),ティッシュペーパーの箱,取り出し口のビニール部分は「容器包装プラスチック」で出してください,て
プラスチックごみ (戸別),テープ類(カセット、ビデオ等),　,て
埋立ごみ・小型電気製品・蛍光管・電球・水銀式体温計・温度計 (資源ステーション),テープレコーダー(コンパクト(手のひらサイズ)),　,て
埋立ごみ・小型電気製品・蛍光管・電球・水銀式体温計・温度計 (資源ステーション),デジタルカメラ(充電池含む),　,て
缶・金属類・古紙類・古布・衣類 (資源ステーション),手帳,カバーは分別して出してください,て
缶・金属類・古紙類・古布・衣類 (資源ステーション),鉄アレイ,　,て
プラスチックごみ (戸別),デッキブラシ,　,て
プラスチックごみ (戸別),テニスボール,　,て
プラスチックごみ (戸別),テニスラケット(プラスチック製),　,て
燃やすごみ (戸別),テニスラケット(木製),　,て
缶・金属類・古紙類・古布・衣類 (資源ステーション),手袋,袋に入れて出してください,て
埋立ごみ・小型電気製品・蛍光管・電球・水銀式体温計・温度計 (資源ステーション),電気カミソリ(電気シェーバー),　,て
埋立ごみ・小型電気製品・蛍光管・電球・水銀式体温計・温度計 (資源ステーション),電気コード,　,て
埋立ごみ・小型電気製品・蛍光管・電球・水銀式体温計・温度計 (資源ステーション),電気スタンド,伸ばして50cm以上あるものは「有料ごみ」です,て
埋立ごみ・小型電気製品・蛍光管・電球・水銀式体温計・温度計 (資源ステーション),電球・蛍光管,　,て
埋立ごみ・小型電気製品・蛍光管・電球・水銀式体温計・温度計 (資源ステーション),電子辞書,　,て
埋立ごみ・小型電気製品・蛍光管・電球・水銀式体温計・温度計 (資源ステーション),電子手帳,　,て
埋立ごみ・小型電気製品・蛍光管・電球・水銀式体温計・温度計 (資源ステーション),電卓(計算機),　,て
埋立ごみ・小型電気製品・蛍光管・電球・水銀式体温計・温度計 (資源ステーション),電池(一部の充電式含む),なるべく販売店回収を利用してください,て
プラスチックごみ (戸別),点滴パック・チューブ類(在宅医療用品),よく洗浄して出してください,て
埋立ごみ・小型電気製品・蛍光管・電球・水銀式体温計・温度計 (資源ステーション),電動ハブラシ,　,て
埋立ごみ・小型電気製品・蛍光管・電球・水銀式体温計・温度計 (資源ステーション),電話機(携帯電話)(バッテリー含む),なるべく販売店回収を利用してください,て
缶・金属類・古紙類・古布・衣類 (資源ステーション),電話帳,束ねてヒモで十文字に縛って出してください,て
容器包装プラスチック (戸別),トイレットペーパー(数個入)の外袋,　,と
缶・金属類・古紙類・古布・衣類 (資源ステーション),トイレットペーパーの芯,　,と
埋立ごみ・小型電気製品・蛍光管・電球・水銀式体温計・温度計 (資源ステーション),陶磁器製品,50cm以上は「有料ごみ」です,と
プラスチックごみ (戸別),透析パック・チューブ類(在宅医療用品),よく洗浄して出してください,と
容器包装プラスチック (戸別),豆腐のパック・ふた,　,と
プラスチックごみ (戸別),灯油給油ポンプ(手動式),　,と
埋立ごみ・小型電気製品・蛍光管・電球・水銀式体温計・温度計 (資源ステーション),灯油給油ポンプ(電池式),　,と
プラスチックごみ (戸別),灯油ポリタンク,中はカラの状態で出してください,と
埋立ごみ・小型電気製品・蛍光管・電球・水銀式体温計・温度計 (資源ステーション),時計(腕時計・置時計・掛け時計・目覚まし時計等),50cm以上は「有料ごみ」です,と
プラスチックごみ (戸別),トナー(プリンター・印刷機器),　,と
埋立ごみ・小型電気製品・蛍光管・電球・水銀式体温計・温度計 (資源ステーション),土鍋,　,と
埋立ごみ・小型電気製品・蛍光管・電球・水銀式体温計・温度計 (資源ステーション),ドライヤー,　,と
埋立ごみ・小型電気製品・蛍光管・電球・水銀式体温計・温度計 (資源ステーション),トランシーバー・無線機,50cm以上は「有料ごみ」です,と
缶・金属類・古紙類・古布・衣類 (資源ステーション),トランプ(紙製),　,と
プラスチックごみ (戸別),トランプ(プラスチック製),　,と
缶・金属類・古紙類・古布・衣類 (資源ステーション),塗料のスプレー缶,中身は使い切って出してください,と
缶・金属類・古紙類・古布・衣類 (資源ステーション),塗料の容器(金属製),ゆすいで出してください,と
埋立ごみ・小型電気製品・蛍光管・電球・水銀式体温計・温度計 (資源ステーション),塗料の容器(びん),ゆすいで出してください,と
プラスチックごみ (戸別),塗料の容器(プラスチック製),ゆすいで出してください,と
燃やすごみ (戸別),トレイ(お盆)(木製),50cm以上は「有料ごみ」です,と
プラスチックごみ (戸別),トレイ(お盆)(プラスチック製),50cm以上は「有料ごみ」です,と
びん類・ペットボトル・白色トレイ・廃食油 (資源ステーション),トレイ(プラスチック製)(白色),ゆすいで出してください。なるべく販売店回収を利用してください,と
容器包装プラスチック (戸別),トレイ(プラスチック製)(白色以外),ゆすいで出してください。なるべく販売店回収を利用してください,と
容器包装プラスチック (戸別),トレイについていたラップ,　,と
缶・金属類・古紙類・古布・衣類 (資源ステーション),ナイフ・フォーク・スプーン(金属製),ナイフは丈夫な紙等に包んで「キケン」と表示して出してください,な
プラスチックごみ (戸別),ナイフ・フォーク・スプーン(プラスチック製),　,な
容器包装プラスチック (戸別),苗木のポット,ゆすいで出してください,な
プラスチックごみ (戸別),長靴(ゴム・ビニール製),　,な
缶・金属類・古紙類・古布・衣類 (資源ステーション),ナタ,丈夫な紙等に包んで「キケン」と表示して出してください,な
埋立ごみ・小型電気製品・蛍光管・電球・水銀式体温計・温度計 (資源ステーション),鍋(ガラス製・陶磁器製),　,な
缶・金属類・古紙類・古布・衣類 (資源ステーション),鍋(金属製),　,な
燃やすごみ (戸別),生ごみ,水分をよく切って出してください,な
缶・金属類・古紙類・古布・衣類 (資源ステーション),乳酸飲料のふた(金属製),　,に
容器包装プラスチック (戸別),乳酸飲料の容器(プラスチック製),ゆすいで出してください,に
埋立ごみ・小型電気製品・蛍光管・電球・水銀式体温計・温度計 (資源ステーション),人形(陶磁器製),50cm以上は「有料ごみ」です,に
プラスチックごみ (戸別),人形(プラスチック製・ビニール製),50cm以上は「有料ごみ」です,に
燃やすごみ (戸別),人形(木製・布製),50cm以上は「有料ごみ」です,に
埋立ごみ・小型電気製品・蛍光管・電球・水銀式体温計・温度計 (資源ステーション),人形ケース(ガラス製),50cm以上は「有料ごみ」です,に
プラスチックごみ (戸別),人形ケース(プラスチック製),50cm以上は「有料ごみ」です,に
プラスチックごみ (戸別),ぬいぐるみ,50cm以上は「有料ごみ」です,ぬ
缶・金属類・古紙類・古布・衣類 (資源ステーション),布類,袋に入れて出してください,ぬ
プラスチックごみ (戸別),ネガ(フィルム),　,ね
缶・金属類・古紙類・古布・衣類 (資源ステーション),ネクタイ,袋に入れて出してください,ね
缶・金属類・古紙類・古布・衣類 (資源ステーション),ねじ,量が多い場合は、ペットボトルなどのふた付きの容器に入れて出してください,ね
容器包装プラスチック (戸別),ネット（果物・野菜等）,　,ね
プラスチックごみ (戸別),ねんど(油ねんど),　,ね
燃やすごみ (戸別),ねんど(紙ねんど),　,ね
缶・金属類・古紙類・古布・衣類 (資源ステーション),ノート,　,の
缶・金属類・古紙類・古布・衣類 (資源ステーション),ノコギリ,丈夫な紙等に包んで「キケン」と表示して出してください,の
草木類 (資源ステーション),葉・草・枝,太10cm以上、長さ50cm以上のものは収集できません・葉や小枝等はビニール袋に入れて出してください,は
缶・金属類・古紙類・古布・衣類 (資源ステーション),バーナー(ガス),50cm以上は「有料ごみ」です,は
缶・金属類・古紙類・古布・衣類 (資源ステーション),バーべキュー用品一式(金属製),50cm以上は「有料ごみ」です,は
缶・金属類・古紙類・古布・衣類 (資源ステーション),ハーモニカ,　,は
燃やすごみ (戸別),灰,水に湿らせて、袋に入れて出してください,は
埋立ごみ・小型電気製品・蛍光管・電球・水銀式体温計・温度計 (資源ステーション),灰皿(ガラス製・陶磁器製),　,は
缶・金属類・古紙類・古布・衣類 (資源ステーション),灰皿(金属製),　,は
缶・金属類・古紙類・古布・衣類 (資源ステーション),パイプ類(金属製),50cm以上は「有料ごみ」です,は
プラスチックごみ (戸別),パイプ類(プラスチック製),50cm以上は「有料ごみ」です,は
缶・金属類・古紙類・古布・衣類 (資源ステーション),はがき,圧着はがきは「燃やすごみ」で出してください,は
缶・金属類・古紙類・古布・衣類 (資源ステーション),はかり(計量器)(金属製),50cm以上は「有料ごみ」です,は
プラスチックごみ (戸別),はかり(計量器)(プラスチック製),50cm以上は「有料ごみ」です,は
びん類・ペットボトル・白色トレイ・廃食油 (資源ステーション),白色トレイ(プラスチック製),ゆすいで出してください。なるべく販売店回収を利用してください,は
燃やすごみ (戸別),はくせい,50cm以上は「有料ごみ」です,は
缶・金属類・古紙類・古布・衣類 (資源ステーション),バケツ(金属製),50cm以上は「有料ごみ」です,は
プラスチックごみ (戸別),バケツ(プラスチック製),50cm以上は「有料ごみ」です,は
缶・金属類・古紙類・古布・衣類 (資源ステーション),はさみ(金属製),丈夫な紙等に包んで「キケン」と表示して出してください,は
プラスチックごみ (戸別),はさみ(プラスチック製),　,は
缶・金属類・古紙類・古布・衣類 (資源ステーション),はし(金属製),　,は
プラスチックごみ (戸別),はし(プラスチック製),　,は
燃やすごみ (戸別),はし(木製),　,は
プラスチックごみ (戸別),バスケットボール,　,は
埋立ごみ・小型電気製品・蛍光管・電球・水銀式体温計・温度計 (資源ステーション),パソコン周辺機器(ケーブル・スイッチングハブ等),　,は
埋立ごみ・小型電気製品・蛍光管・電球・水銀式体温計・温度計 (資源ステーション),パソコン周辺機器(マウス),　,は
容器包装プラスチック (戸別),バターの容器(プラスチック製),ゆすいで出してください,は
埋立ごみ・小型電気製品・蛍光管・電球・水銀式体温計・温度計 (資源ステーション),鉢(陶磁器製),50cm以上は「有料ごみ」です,は
プラスチックごみ (戸別),鉢(プラスチック製),50cm以上は「有料ごみ」です,は
燃やすごみ (戸別),バッグ(革製・布製),一番長い部分で、一辺の長さが50cm以上の場合は「有料ごみ」です,は
プラスチックごみ (戸別),バッグ(ビニール製),一番長い部分で、一辺の長さが50cm以上の場合は「有料ごみ」です,は
埋立ごみ・小型電気製品・蛍光管・電球・水銀式体温計・温度計 (資源ステーション),バッテリー(充電池)(車両・電動リール以外用),なるべく販売店回収を利用してください,は
埋立ごみ・小型電気製品・蛍光管・電球・水銀式体温計・温度計 (資源ステーション),バッテリー充電器(車両・電動リール以外用),　,は
缶・金属類・古紙類・古布・衣類 (資源ステーション),バット(金属製),　,は
プラスチックごみ (戸別),バット(プラスチック製),　,は
燃やすごみ (戸別),バット(木製),　,は
容器包装プラスチック (戸別),発泡スチロール(緩衝材),汚れが著しいものは「プラスチックごみ」で出してください,は
容器包装プラスチック (戸別),発泡トレイ(プラスチック製),ゆすいで出してください。なるべく販売店回収を利用してください,は
容器包装プラスチック (戸別),発泡トレイについていたラップ,　,は
プラスチックごみ (戸別),バドミントンのシャトル,　,は
プラスチックごみ (戸別),バドミントンのラケット(プラスチック製),　,は
燃やすごみ (戸別),バドミントンのラケット(木製),　,は
草木類 (資源ステーション),花・切り花,ビニール袋に入れて出してください(ビニール袋以外では出さないでください),は
燃やすごみ (戸別),花火,湿らせて発火しないようにして出してください,は
容器包装プラスチック (戸別),花火の外袋,　,は
プラスチックごみ (戸別),パフ(化粧品),　,は
プラスチックごみ (戸別),歯ブラシ,　,は
容器包装プラスチック (戸別),歯ブラシの包装・台紙(プラスチック製),　,は
容器包装プラスチック (戸別),歯磨き粉のチューブ,中身は使い切って出してください,は
缶・金属類・古紙類・古布・衣類 (資源ステーション),刃物,丈夫な紙等に包んで「キケン」と表示して出してください,は
プラスチックごみ (戸別),ばらん(弁当のしきり)(プラスチック製),　,は
缶・金属類・古紙類・古布・衣類 (資源ステーション),針,ペットボトルなどのふた付きの容器に入れて出してください,は
缶・金属類・古紙類・古布・衣類 (資源ステーション),針金,　,は
プラスチックごみ (戸別),パレット(絵画用)(プラスチック製),　,は
缶・金属類・古紙類・古布・衣類 (資源ステーション),ハンガー(金属性),　,は
プラスチックごみ (戸別),ハンガー(プラスチック製),　,は
燃やすごみ (戸別),ハンガー(木製),　,は
缶・金属類・古紙類・古布・衣類 (資源ステーション),ハンカチ,袋に入れて出してください,は
燃やすごみ (戸別),半紙(習字使用済み),　,は
缶・金属類・古紙類・古布・衣類 (資源ステーション),半紙(未使用),　,は
燃やすごみ (戸別),絆創膏(ばんそうこう),　,は
プラスチックごみ (戸別),飯台(すし桶)(プラスチック製),50cm以上は「有料ごみ」です,は
燃やすごみ (戸別),飯台(すし桶)(木製),50cm以上は「有料ごみ」です,は
埋立ごみ・小型電気製品・蛍光管・電球・水銀式体温計・温度計 (資源ステーション),ハンディマッサージ機,50cm以上は「有料ごみ」です,は
缶・金属類・古紙類・古布・衣類 (資源ステーション),はんてん,袋に入れて出してください,は
缶・金属類・古紙類・古布・衣類 (資源ステーション),パンフレット・カタログ・リーフレット,　,は
燃やすごみ (戸別),ハンモック(布製),　,は
プラスチックごみ (戸別),ハンモック(プラスチック製),　,は
プラスチックごみ (戸別),ピアニカ,　,ひ
プラスチックごみ (戸別),ビーズクッション,50cm以上は「有料ごみ」です,ひ
プラスチックごみ (戸別),ビート板,50cm以上は「有料ごみ」です,ひ
埋立ごみ・小型電気製品・蛍光管・電球・水銀式体温計・温度計 (資源ステーション),ひげそり(電気式),　,ひ
缶・金属類・古紙類・古布・衣類 (資源ステーション),ひげそり(非電気式)(金属製),丈夫な紙等に包んで「キケン」と表示して出してください,ひ
プラスチックごみ (戸別),ひげそり(非電気式)(プラスチック製),　,ひ
プラスチックごみ (戸別),ビデオテープ(ケースを含む),　,ひ
プラスチックごみ (戸別),ひな人形,　,ひ
燃やすごみ (戸別),ビニールコート紙,　,ひ
プラスチックごみ (戸別),ビニールシート(ブルー・レジャーシート等)(ビニール製),　,ひ
プラスチックごみ (戸別),ビニール製品(ひも・ロープ等),　,ひ
プラスチックごみ (戸別),ビニールテープ,　,ひ
プラスチックごみ (戸別),ビニール袋,　,ひ
プラスチックごみ (戸別),ビニタイ(針金をビニールでコーティングしたひも),　,ひ
埋立ごみ・小型電気製品・蛍光管・電球・水銀式体温計・温度計 (資源ステーション),火鉢,50cm以上は「有料ごみ」です,ひ
びん類・ペットボトル・白色トレイ・廃食油 (資源ステーション),びん(無色透明・茶色・その他のびん),ゆすいで、無色透明・茶色・その他に分別して出してください,ひ
缶・金属類・古紙類・古布・衣類 (資源ステーション),びんのふた(金属製),　,ひ
容器包装プラスチック (戸別),びんのふた(プラスチック製),ゆすいで出してください,ひ
缶・金属類・古紙類・古布・衣類 (資源ステーション),ファイル(紙製),　,ふ
プラスチックごみ (戸別),ファイル(プラスチック製),　,ふ
プラスチックごみ (戸別),フィルム(ネガ),　,ふ
容器包装プラスチック (戸別),フィルムの筒型ケース,　,ふ
缶・金属類・古紙類・古布・衣類 (資源ステーション),封筒(紙製),　,ふ
プラスチックごみ (戸別),封筒(プラスチック製),　,ふ
プラスチックごみ (戸別),プール(ビニール製),　,ふ
プラスチックごみ (戸別),笛(呼子笛・リコーダー等)(プラスチック製),　,ふ
缶・金属類・古紙類・古布・衣類 (資源ステーション),フォーク・スプーン・ナイフ(金属製),ナイフは丈夫な紙等に包んで「キケン」と表示して出してください,ふ
プラスチックごみ (戸別),フォーク・スプーン・ナイフ(プラスチック製),　,ふ
燃やすごみ (戸別),ふきん,　,ふ
缶・金属類・古紙類・古布・衣類 (資源ステーション),付箋(ふせん),　,ふ
缶・金属類・古紙類・古布・衣類 (資源ステーション),ブックエンド(金属製),　,ふ
プラスチックごみ (戸別),ブックエンド(プラスチック製),　,ふ
燃やすごみ (戸別),ブックエンド(木製),　,ふ
燃やすごみ (戸別),ブックカバー(布製・革製),　,ふ
プラスチックごみ (戸別),筆(持つ部分(軸)がプラスチック製),　,ふ
燃やすごみ (戸別),筆(持つ部分(軸)が木製),　,ふ
缶・金属類・古紙類・古布・衣類 (資源ステーション),筆箱(金属製),　,ふ
プラスチックごみ (戸別),筆箱(プラスチック製),　,ふ
燃やすごみ (戸別),筆箱(木製・布製),　,ふ
缶・金属類・古紙類・古布・衣類 (資源ステーション),布団カバー,袋に入れて出してください,ふ
プラスチックごみ (戸別),布団たたき(プラスチック製),　,ふ
燃やすごみ (戸別),布団たたき(木製),　,ふ
缶・金属類・古紙類・古布・衣類 (資源ステーション),フライ返し(へら)(金属製),　,ふ
プラスチックごみ (戸別),フライ返し(へら)(プラスチック製・ゴム製),　,ふ
燃やすごみ (戸別),フライ返し(へら)(木製),　,ふ
缶・金属類・古紙類・古布・衣類 (資源ステーション),フライパン,　,ふ
プラスチックごみ (戸別),ブラシ(プラスチック製),　,ふ
燃やすごみ (戸別),ブラシ(木製),　,ふ
容器包装プラスチック (戸別),プラスチック容器,50cm以上は「有料ごみ」です,ふ
プラスチックごみ (戸別),プラモデル,　,ふ
埋立ごみ・小型電気製品・蛍光管・電球・水銀式体温計・温度計 (資源ステーション),プランター(陶磁器・素焼き製),50cm以上は「有料ごみ」です,ふ
プラスチックごみ (戸別),プランター(プラスチック製),50cm以上は「有料ごみ」です,ふ
燃やすごみ (戸別),プランター(木製),50cm以上は「有料ごみ」です,ふ
プラスチックごみ (戸別),プリンター用インクカートリッジ,なるべく販売店回収を利用してください,ふ
容器包装プラスチック (戸別),プリンのカップ(プラスチック製),ゆすいで出してください,ふ
容器包装プラスチック (戸別),プリンの外包装フィルム(ビニール製),　,ふ
缶・金属類・古紙類・古布・衣類 (資源ステーション),プリンのふた(金属製),　,ふ
容器包装プラスチック (戸別),プリンのふた(ビニール製),　,ふ
プラスチックごみ (戸別),ブルーシート,　,ふ
プラスチックごみ (戸別),ＢＤ・ＬＤ・ＣＤ・ＤＶＤ(ケース含む),　,ふ
缶・金属類・古紙類・古布・衣類 (資源ステーション),古着・古布,袋に入れて出してください,ふ
プラスチックごみ (戸別),フロッピーディスク(ケースを含む),　,ふ
プラスチックごみ (戸別),風呂のいす(プラスチック製),　,ふ
缶・金属類・古紙類・古布・衣類 (資源ステーション),文鎮(ぶんちん),　,ふ
プラスチックごみ (戸別),文房具(プラスチック製・ゴム製),　,ふ
缶・金属類・古紙類・古布・衣類 (資源ステーション),ヘアスプレー缶,中身は使い切って出してください,へ
缶・金属類・古紙類・古布・衣類 (資源ステーション),ヘアピン(金属製),　,へ
プラスチックごみ (戸別),ヘアブラシ(プラスチック製),　,へ
缶・金属類・古紙類・古布・衣類 (資源ステーション),ベッドカバー(綿等が入っていないもの),袋に入れて出してください,へ
燃やすごみ (戸別),ペットのトイレ用シート,　,へ
埋立ごみ・小型電気製品・蛍光管・電球・水銀式体温計・温度計 (資源ステーション),ペットのトイレ用砂(鉱物タイプ),　,へ
プラスチックごみ (戸別),ペットのトイレ用砂(シリカゲル),　,へ
燃やすごみ (戸別),ペットのトイレ用砂(木製・おから・紙タイプ),　,へ
燃やすごみ (戸別),ペットのふん,しっかりビニール袋等に包んで衛生的にして出してください,へ
埋立ごみ・小型電気製品・蛍光管・電球・水銀式体温計・温度計 (資源ステーション),ヘッドホン・イヤホン,　,へ
容器包装プラスチック (戸別),ペットボトル(色がついているもの),ゆすいで、出来るだけつぶして出してください,へ
びん類・ペットボトル・白色トレイ・廃食油 (資源ステーション),ペットボトル(無色透明),ゆすいで、出来るだけつぶして出してください,へ
容器包装プラスチック (戸別),ペットボトルのふた,ゆすいで出してください,へ
容器包装プラスチック (戸別),ペットボトルのラベル,　,へ
燃やすごみ (戸別),ベルト(布製・革製),金属部分は「その他金属類」で出してください,へ
プラスチックごみ (戸別),ベルト(プラスチック製),金属部分は「その他金属類」で出してください,へ
プラスチックごみ (戸別),ヘルメット,　,へ
缶・金属類・古紙類・古布・衣類 (資源ステーション),ペンキの缶,ゆすいで出してください,へ
缶・金属類・古紙類・古布・衣類 (資源ステーション),ペンキのスプレー缶,中身は使い切って出してください,へ
燃やすごみ (戸別),便座カバー,　,へ
缶・金属類・古紙類・古布・衣類 (資源ステーション),弁当箱(金属製),　,へ
プラスチックごみ (戸別),弁当箱(プラスチック製),　,へ
燃やすごみ (戸別),弁当箱(木製),　,へ
容器包装プラスチック (戸別),弁当容器（コンビニ弁当や惣菜の容器等）,ゆすいで出してください,へ
容器包装プラスチック (戸別),弁当容器（コンビニ弁当や惣菜の容器等）の外包装フィルム,　,へ
プラスチックごみ (戸別),ホイルキャップ(プラスチック製),　,ほ
缶・金属類・古紙類・古布・衣類 (資源ステーション),望遠鏡(金属製),50cm以上は「有料ごみ」です,ほ
プラスチックごみ (戸別),望遠鏡(プラスチック製),50cm以上は「有料ごみ」です,ほ
燃やすごみ (戸別),ほうき(竹製・木製),　,ほ
プラスチックごみ (戸別),ほうき(プラスチック製),　,ほ
プラスチックごみ (戸別),芳香剤,　,ほ
容器包装プラスチック (戸別),芳香剤の容器(プラスチック製),　,ほ
缶・金属類・古紙類・古布・衣類 (資源ステーション),帽子(布製・プラスチック製),袋に入れて出してください,ほ
缶・金属類・古紙類・古布・衣類 (資源ステーション),包装紙,　,ほ
燃やすごみ (戸別),包帯,　,ほ
プラスチックごみ (戸別),防虫剤,　,ほ
缶・金属類・古紙類・古布・衣類 (資源ステーション),包丁(金属製),丈夫な紙等に包んで「キケン」と表示して出してください,ほ
プラスチックごみ (戸別),包丁(プラスチック製),丈夫な紙等に包んで「キケン」と表示して出してください,ほ
埋立ごみ・小型電気製品・蛍光管・電球・水銀式体温計・温度計 (資源ステーション),包丁研ぎ器(電気式),　,ほ
缶・金属類・古紙類・古布・衣類 (資源ステーション),包丁研ぎ器(非電気式),　,ほ
缶・金属類・古紙類・古布・衣類 (資源ステーション),ボウル(台所用品：金属製),　,ほ
プラスチックごみ (戸別),ボウル(台所用品：プラスチック製),　,ほ
燃やすごみ (戸別),ボウル(台所用品：木製),　,ほ
プラスチックごみ (戸別),ホース(ゴム製),　,ほ
缶・金属類・古紙類・古布・衣類 (資源ステーション),ホースリール(金属製),　,ほ
プラスチックごみ (戸別),ホースリール(プラスチック製),　,ほ
プラスチックごみ (戸別),ポータブルトイレ,50cm以上は「有料ごみ」です,ほ
埋立ごみ・小型電気製品・蛍光管・電球・水銀式体温計・温度計 (資源ステーション),ポータブルＭＤプレイヤー,　,ほ
燃やすごみ (戸別),ポーチ(皮製・布製),　,ほ
プラスチックごみ (戸別),ポーチ(プラスチック製・ビニール製),　,ほ
プラスチックごみ (戸別),ボール(野球・テニス・ゴルフ・サッカー・バスケット等),　,ほ
缶・金属類・古紙類・古布・衣類 (資源ステーション),ボールペン(金属製),　,ほ
プラスチックごみ (戸別),ボールペン(プラスチック製),　,ほ
燃やすごみ (戸別),木刀・竹刀(しない),　,ほ
容器包装プラスチック (戸別),ポケットティッシュの外袋,　,ほ
缶・金属類・古紙類・古布・衣類 (資源ステーション),ポスター,　,ほ
埋立ごみ・小型電気製品・蛍光管・電球・水銀式体温計・温度計 (資源ステーション),ボタン(ガラス製・陶磁器製),　,ほ
缶・金属類・古紙類・古布・衣類 (資源ステーション),ボタン(金属製),　,ほ
プラスチックごみ (戸別),ボタン(プラスチック製・ゴム製),　,ほ
燃やすごみ (戸別),ボタン(木製),　,ほ
埋立ごみ・小型電気製品・蛍光管・電球・水銀式体温計・温度計 (資源ステーション),ボタン電池,なるべく販売店回収を利用してください,ほ
埋立ごみ・小型電気製品・蛍光管・電球・水銀式体温計・温度計 (資源ステーション),補聴器,　,ほ
缶・金属類・古紙類・古布・衣類 (資源ステーション),ホッチキス(ステープラー),　,ほ
缶・金属類・古紙類・古布・衣類 (資源ステーション),ホッチキス(ステープラー)の針,量が多い場合は、ペットボトルなどのふた付きの容器に入れて出してください,ほ
缶・金属類・古紙類・古布・衣類 (資源ステーション),ポット(魔法瓶)(非電気式)(金属製),　,ほ
プラスチックごみ (戸別),ポット(魔法瓶)(非電気式)(プラスチック製),　,ほ
容器包装プラスチック (戸別),ポテトチップス等の筒のふた(プラスチック製),　,ほ
缶・金属類・古紙類・古布・衣類 (資源ステーション),ポテトチップス等の紙筒,　,ほ
埋立ごみ・小型電気製品・蛍光管・電球・水銀式体温計・温度計 (資源ステーション),ほ乳びん(ガラス製),　,ほ
プラスチックごみ (戸別),ほ乳びん(プラスチック製),　,ほ
プラスチックごみ (戸別),ポリタンク,中はカラの状態で出してください,ほ
プラスチックごみ (戸別),ポリバケツ,50cm以上は「有料ごみ」です,ほ
プラスチックごみ (戸別),保冷剤,　,ほ
缶・金属類・古紙類・古布・衣類 (資源ステーション),本,束ねてヒモで十文字に縛って出してください,ほ
缶・金属類・古紙類・古布・衣類 (資源ステーション),本立て(マガジンラック)(金属製),50cm以上は「有料ごみ」です,ほ
プラスチックごみ (戸別),本立て(マガジンラック)(プラスチック製),50cm以上は「有料ごみ」です,ほ
燃やすごみ (戸別),本立て(マガジンラック)(木製),50cm以上は「有料ごみ」です,ほ
容器包装プラスチック (戸別),マーガリンの容器(プラスチック製),ゆすいで出してください,ま
埋立ごみ・小型電気製品・蛍光管・電球・水銀式体温計・温度計 (資源ステーション),マイク,　,ま
埋立ごみ・小型電気製品・蛍光管・電球・水銀式体温計・温度計 (資源ステーション),マウス(パソコン周辺機器),　,ま
プラスチックごみ (戸別),マウスパッド(プラスチック製・ゴム製・ビニール製),　,ま
埋立ごみ・小型電気製品・蛍光管・電球・水銀式体温計・温度計 (資源ステーション),マグカップ,　,ま
プラスチックごみ (戸別),枕（スポンジ・プラスチック・ビーズ）,抱き枕は「有料ごみ」です,ま
燃やすごみ (戸別),枕（そばがら・綿・羽・毛・木）,抱き枕は「有料ごみ」です,ま
燃やすごみ (戸別),枕カバー,　,ま
缶・金属類・古紙類・古布・衣類 (資源ステーション),マジック(金属製),　,ま
プラスチックごみ (戸別),マジック(プラスチック製),　,ま
燃やすごみ (戸別),マスク(布製・紙製),　,ま
埋立ごみ・小型電気製品・蛍光管・電球・水銀式体温計・温度計 (資源ステーション),マッサージ機(ハンディー型),50cm以上は「有料ごみ」です,ま
燃やすごみ (戸別),マッチ,湿らせて発火しないようにして出してください,ま
缶・金属類・古紙類・古布・衣類 (資源ステーション),マッチ箱,　,ま
プラスチックごみ (戸別),まな板(プラスチック製),　,ま
燃やすごみ (戸別),まな板(木製),　,ま
埋立ごみ・小型電気製品・蛍光管・電球・水銀式体温計・温度計 (資源ステーション),マニキュアのびん,中身は使い切って出してください,ま
缶・金属類・古紙類・古布・衣類 (資源ステーション),マニキュアのびんのふた(金属製),　,ま
プラスチックごみ (戸別),マニキュアのびんのふた(プラスチック製),　,ま
缶・金属類・古紙類・古布・衣類 (資源ステーション),マフラー,袋に入れて出してください,ま
容器包装プラスチック (戸別),マヨネーズの容器・ふた・外袋,容器とふたはゆすいで出してください,ま
缶・金属類・古紙類・古布・衣類 (資源ステーション),万年筆(金属製),　,ま
プラスチックごみ (戸別),万年筆(プラスチック製),　,ま
燃やすごみ (戸別),万年筆(木製),　,ま
容器包装プラスチック (戸別),みかんが入ったネット,　,み
缶・金属類・古紙類・古布・衣類 (資源ステーション),ミックスペーパー,紙袋などに入れて出してください,み
プラスチックごみ (戸別),ミニディスク(MD)(ケースを含む),　,み
埋立ごみ・小型電気製品・蛍光管・電球・水銀式体温計・温度計 (資源ステーション),ミニディスク(ＭＤ)プレイヤー(ポータブル),　,み
缶・金属類・古紙類・古布・衣類 (資源ステーション),耳かき(金属製),　,み
プラスチックごみ (戸別),耳かき(プラスチック製),　,み
燃やすごみ (戸別),耳かき(木製),　,み
プラスチックごみ (戸別),虫(魚)取りあみ,　,む
缶・金属類・古紙類・古布・衣類 (資源ステーション),虫かご・飼育ケース(金属製),50cm以上は「有料ごみ」です,む
プラスチックごみ (戸別),虫かご・飼育ケース(プラスチック製),50cm以上は「有料ごみ」です,む
缶・金属類・古紙類・古布・衣類 (資源ステーション),蒸し器(金属製),　,む
プラスチックごみ (戸別),蒸し器(ゴム製),　,む
埋立ごみ・小型電気製品・蛍光管・電球・水銀式体温計・温度計 (資源ステーション),蒸し器(陶磁器製),　,む
燃やすごみ (戸別),蒸し器(木製),　,む
缶・金属類・古紙類・古布・衣類 (資源ステーション),虫ピン,ペットボトルなどのふた付きの容器に入れて出してください,む
埋立ごみ・小型電気製品・蛍光管・電球・水銀式体温計・温度計 (資源ステーション),虫眼鏡,　,む
埋立ごみ・小型電気製品・蛍光管・電球・水銀式体温計・温度計 (資源ステーション),無線機・トランシーバー,50cm以上は「有料ごみ」です,む
缶・金属類・古紙類・古布・衣類 (資源ステーション),名刺,　,め
缶・金属類・古紙類・古布・衣類 (資源ステーション),名刺入れ(金属製),　,め
プラスチックごみ (戸別),名刺入れ(プラスチック製),　,め
燃やすごみ (戸別),名刺入れ(木製・布製),　,め
缶・金属類・古紙類・古布・衣類 (資源ステーション),メガネ(金属製),　,め
プラスチックごみ (戸別),メガネ(プラスチック製),　,め
缶・金属類・古紙類・古布・衣類 (資源ステーション),メガネケース(金属製),　,め
プラスチックごみ (戸別),メガネケース(プラスチック製),　,め
燃やすごみ (戸別),メガネケース(木製・布製),　,め
プラスチックごみ (戸別),メガホン(プラスチック製),　,め
容器包装プラスチック (戸別),目薬の容器,中身は使い切って出してください,め
埋立ごみ・小型電気製品・蛍光管・電球・水銀式体温計・温度計 (資源ステーション),目覚まし時計,　,め
缶・金属類・古紙類・古布・衣類 (資源ステーション),メジャー(金属製),　,め
プラスチックごみ (戸別),メジャー(ビニール製),　,め
缶・金属類・古紙類・古布・衣類 (資源ステーション),メモ用紙,　,め
埋立ごみ・小型電気製品・蛍光管・電球・水銀式体温計・温度計 (資源ステーション),メモリーカード,　,め
燃やすごみ (戸別),綿棒,　,め
容器包装プラスチック (戸別),綿棒のケース(プラスチック製),　,め
燃やすごみ (戸別),木材,50cm以上は「有料ごみ」です。その場合、木材の長さは2m以下にしてください,も
燃やすごみ (戸別),木製ハンガー,　,も
プラスチックごみ (戸別),モップ(プラスチック製),　,も
燃やすごみ (戸別),モップ(木製),　,も
缶・金属類・古紙類・古布・衣類 (資源ステーション),モリ,丈夫な紙等に包んで「キケン」と表示して出してください,も
缶・金属類・古紙類・古布・衣類 (資源ステーション),やかん,　,や
燃やすごみ (戸別),野球のグローブ(皮製),　,や
プラスチックごみ (戸別),野球のグローブ(ビニール製),　,や
プラスチックごみ (戸別),野球のボール,　,や
容器包装プラスチック (戸別),野菜・果物のネット(プラスチック製),　,や
缶・金属類・古紙類・古布・衣類 (資源ステーション),やすり(金属製),　,や
埋立ごみ・小型電気製品・蛍光管・電球・水銀式体温計・温度計 (資源ステーション),ＵＳＢメモリー,　,ゆ
缶・金属類・古紙類・古布・衣類 (資源ステーション),湯たんぽ(金属製),　,ゆ
プラスチックごみ (戸別),湯たんぽ(プラスチック製),　,ゆ
缶・金属類・古紙類・古布・衣類 (資源ステーション),ヨーグルトのふた(金属製),ゆすいで出してください,よ
容器包装プラスチック (戸別),ヨーグルトのふた(ビニール製),ゆすいで出してください,よ
缶・金属類・古紙類・古布・衣類 (資源ステーション),ヨーグルトの容器(紙製),ゆすいで出してください,よ
びん類・ペットボトル・白色トレイ・廃食油 (資源ステーション),ヨーグルトの容器(ガラス製),ゆすいで、無色透明・茶色・その他に分別して出してください,よ
容器包装プラスチック (戸別),ヨーグルトの容器(プラスチック製),ゆすいで出してください,よ
プラスチックごみ (戸別),ライター(プラスチック製),中身は使い切って出してください,ら
缶・金属類・古紙類・古布・衣類 (資源ステーション),ライター(金属製),中身は使い切って出してください,ら
プラスチックごみ (戸別),ライフジャケット,　,ら
プラスチックごみ (戸別),ラケット(テニス等)(プラスチック製),　,ら
燃やすごみ (戸別),ラケット(テニス等)(木製),　,ら
埋立ごみ・小型電気製品・蛍光管・電球・水銀式体温計・温度計 (資源ステーション),ラジオ,　,ら
プラスチックごみ (戸別),ラップ(購入品・家庭で使用したもの),　,ら
容器包装プラスチック (戸別),ラップ(店で包装されたもの),　,ら
缶・金属類・古紙類・古布・衣類 (資源ステーション),ラップの芯,　,ら
プラスチックごみ (戸別),ランドセル,　,ら
缶・金属類・古紙類・古布・衣類 (資源ステーション),ランプ(金属製),燃料は使い切って出してください,ら
埋立ごみ・小型電気製品・蛍光管・電球・水銀式体温計・温度計 (資源ステーション),ランプ(プラスチック製)(電池式),　,ら
缶・金属類・古紙類・古布・衣類 (資源ステーション),リーフレット・パンフレット・カタログ,　,り
埋立ごみ・小型電気製品・蛍光管・電球・水銀式体温計・温度計 (資源ステーション),リチウムイオン電池(充電できるもの),なるべく販売店回収を利用してください,り
埋立ごみ・小型電気製品・蛍光管・電球・水銀式体温計・温度計 (資源ステーション),リチウム電池(充電できないもの),なるべく販売店回収を利用してください,り
埋立ごみ・小型電気製品・蛍光管・電球・水銀式体温計・温度計 (資源ステーション),リモコン(テレビ等),　,り
燃やすごみ (戸別),リュックサック(布製),　,り
プラスチックごみ (戸別),リュックサック(ビニール製),　,り
燃やすごみ (戸別),領収書(感熱紙),　,り
缶・金属類・古紙類・古布・衣類 (資源ステーション),領収書(非感熱紙),　,り
プラスチックごみ (戸別),冷却枕,　,れ
プラスチックごみ (戸別),レインコート(雨合羽)(ビニール・ゴム製),　,れ
プラスチックごみ (戸別),レコード,　,れ
容器包装プラスチック (戸別),レコードの外袋(ビニール製),　,れ
缶・金属類・古紙類・古布・衣類 (資源ステーション),レコードの袋(紙製),　,れ
燃やすごみ (戸別),レシート(感熱紙),　,れ
缶・金属類・古紙類・古布・衣類 (資源ステーション),レシート(非感熱紙),　,れ
容器包装プラスチック (戸別),レジ袋,　,れ
プラスチックごみ (戸別),レジャーシート(ビニール製),　,れ
容器包装プラスチック (戸別),レトルトパック,ゆすいで出してください,れ
缶・金属類・古紙類・古布・衣類 (資源ステーション),レトルトパックの外箱,　,れ
燃やすごみ (戸別),ろうそく,　,ろ
プラスチックごみ (戸別),ロープ(化学繊維製),　,ろ
缶・金属類・古紙類・古布・衣類 (資源ステーション),ロープ(金属製),　,ろ
燃やすごみ (戸別),ロープ(天然繊維製),　,ろ
プラスチックごみ (戸別),ローラースケート靴,　,ろ
缶・金属類・古紙類・古布・衣類 (資源ステーション),ワイシャツ,袋に入れて出してください,わ
缶・金属類・古紙類・古布・衣類 (資源ステーション),ワイヤー,　,わ
プラスチックごみ (戸別),輪ゴム,　,わ
缶・金属類・古紙類・古布・衣類 (資源ステーション),ワゴン(金属製),50cm以上は「有料ごみ」です,わ
プラスチックごみ (戸別),ワゴン(プラスチック製),50cm以上は「有料ごみ」です,わ
燃やすごみ (戸別),ワゴン(木製),50cm以上は「有料ごみ」です,わ
容器包装プラスチック (戸別),わさびのチューブ・ふた,中身は使い切って出してください,わ
燃やすごみ (戸別),綿(わた),　,わ
燃やすごみ (戸別),藁(わら)製品,50cm以上は「有料ごみ」ですす,わ
燃やすごみ (戸別),割り箸,　,わ
缶・金属類・古紙類・古布・衣類 (資源ステーション),割り箸の外袋(紙製),　,わ
容器包装プラスチック (戸別),割り箸の外袋(ビニール製),,わ
